{"loss": [0.030524704605340958, 0.009337254799902439, 0.00877592246979475, 0.008497189730405807, 0.008372699841856956, 0.008248345926404, 0.008223542012274265, 0.008510151877999306, 0.00852654967457056, 0.008527331054210663, 0.008574329316616058, 0.008674529381096363, 0.008849922567605972, 0.00902735535055399, 0.009305134415626526, 0.009045741520822048, 0.009051189757883549, 0.00902256928384304, 0.009036190807819366, 0.010571547783911228, 0.013023287057876587, 0.011733184568583965, 0.011694958433508873, 0.011643729172647, 0.011608834378421307, 0.011591597460210323, 0.011262419633567333, 0.011113268323242664, 0.01107743475586176, 0.011071332730352879, 0.011061117053031921], "mae": [0.18773600459098816, 0.1111583262681961, 0.10794554650783539, 0.10645084828138351, 0.1059064269065857, 0.10525386035442352, 0.10520713776350021, 0.10692878812551498, 0.10700348764657974, 0.10694848746061325, 0.10725594311952591, 0.10782890766859055, 0.10887256264686584, 0.10992583632469177, 0.11143452674150467, 0.10981792956590652, 0.10985613614320755, 0.10951385647058487, 0.10991505533456802, 0.11840064078569412, 0.13098885118961334, 0.12339946627616882, 0.12314588576555252, 0.12283054739236832, 0.12262532860040665, 0.12251212447881699, 0.12052258104085922, 0.11968720704317093, 0.11948278546333313, 0.119448222219944, 0.11938534677028656], "val_loss": [0.007091424893587828, 0.0071266633458435535, 0.007809039670974016, 0.008008402772247791, 0.007888098247349262, 0.008011345751583576, 0.007681199349462986, 0.007937095127999783, 0.007864396087825298, 0.007556557189673185, 0.00747768534347415, 0.006929892115294933, 0.006872144062072039, 0.00672568753361702, 0.006762098986655474, 0.006831534672528505, 0.006958290934562683, 0.006855336483567953, 0.006701449863612652, 0.007138711400330067, 0.016030656173825264, 0.016150575131177902, 0.016435395926237106, 0.016636289656162262, 0.01679730974137783, 0.01695697195827961, 0.01833464950323105, 0.01872279867529869, 0.018800601363182068, 0.018818849697709084, 0.018833579495549202], "val_mae": [0.09655409306287766, 0.09676656126976013, 0.10092728585004807, 0.10214944928884506, 0.10141456127166748, 0.1021697074174881, 0.10014351457357407, 0.10171277821063995, 0.10126271098852158, 0.09937737882137299, 0.09889423847198486, 0.0955863744020462, 0.09524532407522202, 0.09432116895914078, 0.09455351531505585, 0.09500324726104736, 0.09575080126523972, 0.09514781087636948, 0.09411140531301498, 0.09683983027935028, 0.14869698882102966, 0.14935214817523956, 0.15090849995613098, 0.15200455486774445, 0.15288180112838745, 0.15375135838985443, 0.16121593117713928, 0.1632949858903885, 0.1637095957994461, 0.1638067215681076, 0.1638852208852768], "learning_rate": [0.0010000000474974513, 0.0010000000474974513, 0.0010000000474974513, 0.0010000000474974513, 0.0010000000474974513, 0.0010000000474974513, 0.0010000000474974513, 0.0005000000237487257, 0.0005000000237487257, 0.0005000000237487257, 0.0005000000237487257, 0.0005000000237487257, 0.0005000000237487257, 0.0005000000237487257, 0.0005000000237487257, 0.0005000000237487257, 0.0005000000237487257, 0.0005000000237487257, 0.0005000000237487257, 0.0005000000237487257, 0.0002500000118743628, 0.0002500000118743628, 0.0002500000118743628, 0.0002500000118743628, 0.0002500000118743628, 0.0002500000118743628, 0.0001250000059371814, 0.0001250000059371814, 0.0001250000059371814, 0.0001250000059371814, 0.0001250000059371814]}